"Coral_ID","ind_mean_kinship"
"Perfection_PCLI_005",0.61243011799748
"Perfection_PCLI_003",0.608813447411496
"3_PCLI_011",0.593087613046378
"6_PCLI_005",0.592286733942978
"Perfection_PCLI_004",0.592272110437826
"6_PCLI_007",0.571789068861398
"3_PCLI_012",0.565853847100234
