"Coral_ID","ind_mean_kinship"
"Perfection_PCLI_004",0.585783336655372
"6_PCLI_005",0.581494515239096
"3_PCLI_011",0.576386167711599
"3_PCLI_012",0.559883853501989
"6_PCLI_007",0.557288280722168
