"Coral_ID","ind_mean_kinship"
"Perfection_PCLI_003",0.624075697499761
"Perfection_PCLI_005",0.618578193711044
"BW5_PCLI_005a",0.608269854040068
"3_PCLI_011",0.607497649971183
"Perfection_PCLI_004",0.605540207644203
"6_PCLI_005",0.603399812725461
"6_PCLI_008",0.591822008839524
"Perfection_PCLI_002",0.58348484433571
"6_PCLI_007",0.581685938081712
"3_PCLI_012",0.580842419719906
