"Coral_ID","ind_mean_kinship"
"3_PCLI_011",0.582702173517091
"6_PCLI_008",0.580294659300184
"3_PCLI_012",0.572415153906867
"6_PCLI_007",0.56571980045737
"Perfection_PCLI_002",0.563666359729896
