"PopAvgMK","PopAvgGD"
0.600519662656857,0.399480337343143
