"PopAvgMK","PopAvgGD"
0.590933276971113,0.409066723028887
